[
    {
        "name":  "United States",
        "iso2":  "US",
        "dial":  "+1"
    },
    {
        "name":  "Canada",
        "iso2":  "CA",
        "dial":  "+1"
    },
    {
        "name":  "Anguilla",
        "iso2":  "AI",
        "dial":  "+1"
    },
    {
        "name":  "Antigua and Barbuda",
        "iso2":  "AG",
        "dial":  "+1"
    },
    {
        "name":  "Bahamas",
        "iso2":  "BS",
        "dial":  "+1"
    },
    {
        "name":  "Barbados",
        "iso2":  "BB",
        "dial":  "+1"
    },
    {
        "name":  "Bermuda",
        "iso2":  "BM",
        "dial":  "+1"
    },
    {
        "name":  "British Virgin Islands",
        "iso2":  "VG",
        "dial":  "+1"
    },
    {
        "name":  "Cayman Islands",
        "iso2":  "KY",
        "dial":  "+1"
    },
    {
        "name":  "Dominica",
        "iso2":  "DM",
        "dial":  "+1"
    },
    {
        "name":  "Dominican Republic",
        "iso2":  "DO",
        "dial":  "+1"
    },
    {
        "name":  "Grenada",
        "iso2":  "GD",
        "dial":  "+1"
    },
    {
        "name":  "Guam",
        "iso2":  "GU",
        "dial":  "+1"
    },
    {
        "name":  "Jamaica",
        "iso2":  "JM",
        "dial":  "+1"
    },
    {
        "name":  "Montserrat",
        "iso2":  "MS",
        "dial":  "+1"
    },
    {
        "name":  "Northern Mariana Islands",
        "iso2":  "MP",
        "dial":  "+1"
    },
    {
        "name":  "Puerto Rico",
        "iso2":  "PR",
        "dial":  "+1"
    },
    {
        "name":  "Saint Kitts and Nevis",
        "iso2":  "KN",
        "dial":  "+1"
    },
    {
        "name":  "Saint Lucia",
        "iso2":  "LC",
        "dial":  "+1"
    },
    {
        "name":  "Saint Vincent and the Grenadines",
        "iso2":  "VC",
        "dial":  "+1"
    },
    {
        "name":  "Sint Maarten",
        "iso2":  "SX",
        "dial":  "+1"
    },
    {
        "name":  "Trinidad and Tobago",
        "iso2":  "TT",
        "dial":  "+1"
    },
    {
        "name":  "Turks and Caicos Islands",
        "iso2":  "TC",
        "dial":  "+1"
    },
    {
        "name":  "U.S. Virgin Islands",
        "iso2":  "VI",
        "dial":  "+1"
    },
    {
        "name":  "Aruba",
        "iso2":  "AW",
        "dial":  "+297"
    },
    {
        "name":  "Bonaire, Sint Eustatius and Saba",
        "iso2":  "BQ",
        "dial":  "+599"
    },
    {
        "name":  "Curaçao",
        "iso2":  "CW",
        "dial":  "+599"
    },
    {
        "name":  "Greenland",
        "iso2":  "GL",
        "dial":  "+299"
    },
    {
        "name":  "Saint Pierre and Miquelon",
        "iso2":  "PM",
        "dial":  "+508"
    },
    {
        "name":  "Mexico",
        "iso2":  "MX",
        "dial":  "+52"
    },
    {
        "name":  "Belize",
        "iso2":  "BZ",
        "dial":  "+501"
    },
    {
        "name":  "Costa Rica",
        "iso2":  "CR",
        "dial":  "+506"
    },
    {
        "name":  "El Salvador",
        "iso2":  "SV",
        "dial":  "+503"
    },
    {
        "name":  "Guatemala",
        "iso2":  "GT",
        "dial":  "+502"
    },
    {
        "name":  "Honduras",
        "iso2":  "HN",
        "dial":  "+504"
    },
    {
        "name":  "Nicaragua",
        "iso2":  "NI",
        "dial":  "+505"
    },
    {
        "name":  "Panama",
        "iso2":  "PA",
        "dial":  "+507"
    },
    {
        "name":  "Cuba",
        "iso2":  "CU",
        "dial":  "+53"
    },
    {
        "name":  "Haiti",
        "iso2":  "HT",
        "dial":  "+509"
    },
    {
        "name":  "Argentina",
        "iso2":  "AR",
        "dial":  "+54"
    },
    {
        "name":  "Bolivia",
        "iso2":  "BO",
        "dial":  "+591"
    },
    {
        "name":  "Brazil",
        "iso2":  "BR",
        "dial":  "+55"
    },
    {
        "name":  "Chile",
        "iso2":  "CL",
        "dial":  "+56"
    },
    {
        "name":  "Colombia",
        "iso2":  "CO",
        "dial":  "+57"
    },
    {
        "name":  "Ecuador",
        "iso2":  "EC",
        "dial":  "+593"
    },
    {
        "name":  "Guyana",
        "iso2":  "GY",
        "dial":  "+592"
    },
    {
        "name":  "Paraguay",
        "iso2":  "PY",
        "dial":  "+595"
    },
    {
        "name":  "Peru",
        "iso2":  "PE",
        "dial":  "+51"
    },
    {
        "name":  "Suriname",
        "iso2":  "SR",
        "dial":  "+597"
    },
    {
        "name":  "Uruguay",
        "iso2":  "UY",
        "dial":  "+598"
    },
    {
        "name":  "Venezuela",
        "iso2":  "VE",
        "dial":  "+58"
    },
    {
        "name":  "French Guiana",
        "iso2":  "GF",
        "dial":  "+594"
    },
    {
        "name":  "Falkland Islands",
        "iso2":  "FK",
        "dial":  "+500"
    },
    {
        "name":  "South Georgia and the South Sandwich Islands",
        "iso2":  "GS",
        "dial":  "+500"
    },
    {
        "name":  "United Kingdom",
        "iso2":  "GB",
        "dial":  "+44"
    },
    {
        "name":  "Guernsey",
        "iso2":  "GG",
        "dial":  "+44"
    },
    {
        "name":  "Jersey",
        "iso2":  "JE",
        "dial":  "+44"
    },
    {
        "name":  "Isle of Man",
        "iso2":  "IM",
        "dial":  "+44"
    },
    {
        "name":  "Ireland",
        "iso2":  "IE",
        "dial":  "+353"
    },
    {
        "name":  "France",
        "iso2":  "FR",
        "dial":  "+33"
    },
    {
        "name":  "Monaco",
        "iso2":  "MC",
        "dial":  "+377"
    },
    {
        "name":  "Andorra",
        "iso2":  "AD",
        "dial":  "+376"
    },
    {
        "name":  "Belgium",
        "iso2":  "BE",
        "dial":  "+32"
    },
    {
        "name":  "Netherlands",
        "iso2":  "NL",
        "dial":  "+31"
    },
    {
        "name":  "Luxembourg",
        "iso2":  "LU",
        "dial":  "+352"
    },
    {
        "name":  "Germany",
        "iso2":  "DE",
        "dial":  "+49"
    },
    {
        "name":  "Switzerland",
        "iso2":  "CH",
        "dial":  "+41"
    },
    {
        "name":  "Liechtenstein",
        "iso2":  "LI",
        "dial":  "+423"
    },
    {
        "name":  "Austria",
        "iso2":  "AT",
        "dial":  "+43"
    },
    {
        "name":  "Spain",
        "iso2":  "ES",
        "dial":  "+34"
    },
    {
        "name":  "Portugal",
        "iso2":  "PT",
        "dial":  "+351"
    },
    {
        "name":  "Italy",
        "iso2":  "IT",
        "dial":  "+39"
    },
    {
        "name":  "San Marino",
        "iso2":  "SM",
        "dial":  "+378"
    },
    {
        "name":  "Vatican City",
        "iso2":  "VA",
        "dial":  "+39"
    },
    {
        "name":  "Denmark",
        "iso2":  "DK",
        "dial":  "+45"
    },
    {
        "name":  "Faroe Islands",
        "iso2":  "FO",
        "dial":  "+298"
    },
    {
        "name":  "Sweden",
        "iso2":  "SE",
        "dial":  "+46"
    },
    {
        "name":  "Norway",
        "iso2":  "NO",
        "dial":  "+47"
    },
    {
        "name":  "Iceland",
        "iso2":  "IS",
        "dial":  "+354"
    },
    {
        "name":  "Finland",
        "iso2":  "FI",
        "dial":  "+358"
    },
    {
        "name":  "Åland Islands",
        "iso2":  "AX",
        "dial":  "+358"
    },
    {
        "name":  "Poland",
        "iso2":  "PL",
        "dial":  "+48"
    },
    {
        "name":  "Czechia",
        "iso2":  "CZ",
        "dial":  "+420"
    },
    {
        "name":  "Slovakia",
        "iso2":  "SK",
        "dial":  "+421"
    },
    {
        "name":  "Hungary",
        "iso2":  "HU",
        "dial":  "+36"
    },
    {
        "name":  "Slovenia",
        "iso2":  "SI",
        "dial":  "+386"
    },
    {
        "name":  "Croatia",
        "iso2":  "HR",
        "dial":  "+385"
    },
    {
        "name":  "Bosnia and Herzegovina",
        "iso2":  "BA",
        "dial":  "+387"
    },
    {
        "name":  "Serbia",
        "iso2":  "RS",
        "dial":  "+381"
    },
    {
        "name":  "Montenegro",
        "iso2":  "ME",
        "dial":  "+382"
    },
    {
        "name":  "North Macedonia",
        "iso2":  "MK",
        "dial":  "+389"
    },
    {
        "name":  "Albania",
        "iso2":  "AL",
        "dial":  "+355"
    },
    {
        "name":  "Greece",
        "iso2":  "GR",
        "dial":  "+30"
    },
    {
        "name":  "Bulgaria",
        "iso2":  "BG",
        "dial":  "+359"
    },
    {
        "name":  "Romania",
        "iso2":  "RO",
        "dial":  "+40"
    },
    {
        "name":  "Moldova",
        "iso2":  "MD",
        "dial":  "+373"
    },
    {
        "name":  "Ukraine",
        "iso2":  "UA",
        "dial":  "+380"
    },
    {
        "name":  "Belarus",
        "iso2":  "BY",
        "dial":  "+375"
    },
    {
        "name":  "Lithuania",
        "iso2":  "LT",
        "dial":  "+370"
    },
    {
        "name":  "Latvia",
        "iso2":  "LV",
        "dial":  "+371"
    },
    {
        "name":  "Estonia",
        "iso2":  "EE",
        "dial":  "+372"
    },
    {
        "name":  "Russia",
        "iso2":  "RU",
        "dial":  "+7"
    },
    {
        "name":  "Georgia",
        "iso2":  "GE",
        "dial":  "+995"
    },
    {
        "name":  "Armenia",
        "iso2":  "AM",
        "dial":  "+374"
    },
    {
        "name":  "Azerbaijan",
        "iso2":  "AZ",
        "dial":  "+994"
    },
    {
        "name":  "Kosovo",
        "iso2":  "XK",
        "dial":  "+383"
    },
    {
        "name":  "Türkiye",
        "iso2":  "TR",
        "dial":  "+90"
    },
    {
        "name":  "Cyprus",
        "iso2":  "CY",
        "dial":  "+357"
    },
    {
        "name":  "Israel",
        "iso2":  "IL",
        "dial":  "+972"
    },
    {
        "name":  "State of Palestine",
        "iso2":  "PS",
        "dial":  "+970"
    },
    {
        "name":  "Jordan",
        "iso2":  "JO",
        "dial":  "+962"
    },
    {
        "name":  "Lebanon",
        "iso2":  "LB",
        "dial":  "+961"
    },
    {
        "name":  "Syria",
        "iso2":  "SY",
        "dial":  "+963"
    },
    {
        "name":  "Iraq",
        "iso2":  "IQ",
        "dial":  "+964"
    },
    {
        "name":  "Iran",
        "iso2":  "IR",
        "dial":  "+98"
    },
    {
        "name":  "Saudi Arabia",
        "iso2":  "SA",
        "dial":  "+966"
    },
    {
        "name":  "United Arab Emirates",
        "iso2":  "AE",
        "dial":  "+971"
    },
    {
        "name":  "Qatar",
        "iso2":  "QA",
        "dial":  "+974"
    },
    {
        "name":  "Bahrain",
        "iso2":  "BH",
        "dial":  "+973"
    },
    {
        "name":  "Kuwait",
        "iso2":  "KW",
        "dial":  "+965"
    },
    {
        "name":  "Oman",
        "iso2":  "OM",
        "dial":  "+968"
    },
    {
        "name":  "Yemen",
        "iso2":  "YE",
        "dial":  "+967"
    },
    {
        "name":  "India",
        "iso2":  "IN",
        "dial":  "+91"
    },
    {
        "name":  "Pakistan",
        "iso2":  "PK",
        "dial":  "+92"
    },
    {
        "name":  "Bangladesh",
        "iso2":  "BD",
        "dial":  "+880"
    },
    {
        "name":  "Sri Lanka",
        "iso2":  "LK",
        "dial":  "+94"
    },
    {
        "name":  "Nepal",
        "iso2":  "NP",
        "dial":  "+977"
    },
    {
        "name":  "Bhutan",
        "iso2":  "BT",
        "dial":  "+975"
    },
    {
        "name":  "Maldives",
        "iso2":  "MV",
        "dial":  "+960"
    },
    {
        "name":  "Afghanistan",
        "iso2":  "AF",
        "dial":  "+93"
    },
    {
        "name":  "Kazakhstan",
        "iso2":  "KZ",
        "dial":  "+7"
    },
    {
        "name":  "Kyrgyzstan",
        "iso2":  "KG",
        "dial":  "+996"
    },
    {
        "name":  "Tajikistan",
        "iso2":  "TJ",
        "dial":  "+992"
    },
    {
        "name":  "Turkmenistan",
        "iso2":  "TM",
        "dial":  "+993"
    },
    {
        "name":  "Uzbekistan",
        "iso2":  "UZ",
        "dial":  "+998"
    },
    {
        "name":  "China",
        "iso2":  "CN",
        "dial":  "+86"
    },
    {
        "name":  "Japan",
        "iso2":  "JP",
        "dial":  "+81"
    },
    {
        "name":  "South Korea",
        "iso2":  "KR",
        "dial":  "+82"
    },
    {
        "name":  "North Korea",
        "iso2":  "KP",
        "dial":  "+850"
    },
    {
        "name":  "Taiwan",
        "iso2":  "TW",
        "dial":  "+886"
    },
    {
        "name":  "Hong Kong",
        "iso2":  "HK",
        "dial":  "+852"
    },
    {
        "name":  "Macau",
        "iso2":  "MO",
        "dial":  "+853"
    },
    {
        "name":  "Mongolia",
        "iso2":  "MN",
        "dial":  "+976"
    },
    {
        "name":  "Indonesia",
        "iso2":  "ID",
        "dial":  "+62"
    },
    {
        "name":  "Singapore",
        "iso2":  "SG",
        "dial":  "+65"
    },
    {
        "name":  "Malaysia",
        "iso2":  "MY",
        "dial":  "+60"
    },
    {
        "name":  "Thailand",
        "iso2":  "TH",
        "dial":  "+66"
    },
    {
        "name":  "Vietnam",
        "iso2":  "VN",
        "dial":  "+84"
    },
    {
        "name":  "Philippines",
        "iso2":  "PH",
        "dial":  "+63"
    },
    {
        "name":  "Brunei",
        "iso2":  "BN",
        "dial":  "+673"
    },
    {
        "name":  "Cambodia",
        "iso2":  "KH",
        "dial":  "+855"
    },
    {
        "name":  "Laos",
        "iso2":  "LA",
        "dial":  "+856"
    },
    {
        "name":  "Myanmar",
        "iso2":  "MM",
        "dial":  "+95"
    },
    {
        "name":  "Australia",
        "iso2":  "AU",
        "dial":  "+61"
    },
    {
        "name":  "New Zealand",
        "iso2":  "NZ",
        "dial":  "+64"
    },
    {
        "name":  "Fiji",
        "iso2":  "FJ",
        "dial":  "+679"
    },
    {
        "name":  "Papua New Guinea",
        "iso2":  "PG",
        "dial":  "+675"
    },
    {
        "name":  "Solomon Islands",
        "iso2":  "SB",
        "dial":  "+677"
    },
    {
        "name":  "Vanuatu",
        "iso2":  "VU",
        "dial":  "+678"
    },
    {
        "name":  "New Caledonia",
        "iso2":  "NC",
        "dial":  "+687"
    },
    {
        "name":  "French Polynesia",
        "iso2":  "PF",
        "dial":  "+689"
    },
    {
        "name":  "Samoa",
        "iso2":  "WS",
        "dial":  "+685"
    },
    {
        "name":  "Tonga",
        "iso2":  "TO",
        "dial":  "+676"
    },
    {
        "name":  "Tuvalu",
        "iso2":  "TV",
        "dial":  "+688"
    },
    {
        "name":  "Kiribati",
        "iso2":  "KI",
        "dial":  "+686"
    },
    {
        "name":  "Nauru",
        "iso2":  "NR",
        "dial":  "+674"
    },
    {
        "name":  "Palau",
        "iso2":  "PW",
        "dial":  "+680"
    },
    {
        "name":  "Micronesia",
        "iso2":  "FM",
        "dial":  "+691"
    },
    {
        "name":  "Marshall Islands",
        "iso2":  "MH",
        "dial":  "+692"
    },
    {
        "name":  "American Samoa",
        "iso2":  "AS",
        "dial":  "+1"
    },
    {
        "name":  "Cook Islands",
        "iso2":  "CK",
        "dial":  "+682"
    },
    {
        "name":  "Niue",
        "iso2":  "NU",
        "dial":  "+683"
    },
    {
        "name":  "Tokelau",
        "iso2":  "TK",
        "dial":  "+690"
    },
    {
        "name":  "Wallis and Futuna",
        "iso2":  "WF",
        "dial":  "+681"
    },
    {
        "name":  "Norfolk Island",
        "iso2":  "NF",
        "dial":  "+672"
    },
    {
        "name":  "Christmas Island",
        "iso2":  "CX",
        "dial":  "+61"
    },
    {
        "name":  "Cocos (Keeling) Islands",
        "iso2":  "CC",
        "dial":  "+61"
    },
    {
        "name":  "Pitcairn Islands",
        "iso2":  "PN",
        "dial":  "+64"
    },
    {
        "name":  "Algeria",
        "iso2":  "DZ",
        "dial":  "+213"
    },
    {
        "name":  "Angola",
        "iso2":  "AO",
        "dial":  "+244"
    },
    {
        "name":  "Benin",
        "iso2":  "BJ",
        "dial":  "+229"
    },
    {
        "name":  "Botswana",
        "iso2":  "BW",
        "dial":  "+267"
    },
    {
        "name":  "Burkina Faso",
        "iso2":  "BF",
        "dial":  "+226"
    },
    {
        "name":  "Burundi",
        "iso2":  "BI",
        "dial":  "+257"
    },
    {
        "name":  "Cabo Verde",
        "iso2":  "CV",
        "dial":  "+238"
    },
    {
        "name":  "Cameroon",
        "iso2":  "CM",
        "dial":  "+237"
    },
    {
        "name":  "Central African Republic",
        "iso2":  "CF",
        "dial":  "+236"
    },
    {
        "name":  "Chad",
        "iso2":  "TD",
        "dial":  "+235"
    },
    {
        "name":  "Comoros",
        "iso2":  "KM",
        "dial":  "+269"
    },
    {
        "name":  "Congo",
        "iso2":  "CG",
        "dial":  "+242"
    },
    {
        "name":  "Congo (DRC)",
        "iso2":  "CD",
        "dial":  "+243"
    },
    {
        "name":  "Côte d’Ivoire",
        "iso2":  "CI",
        "dial":  "+225"
    },
    {
        "name":  "Djibouti",
        "iso2":  "DJ",
        "dial":  "+253"
    },
    {
        "name":  "Egypt",
        "iso2":  "EG",
        "dial":  "+20"
    },
    {
        "name":  "Equatorial Guinea",
        "iso2":  "GQ",
        "dial":  "+240"
    },
    {
        "name":  "Eritrea",
        "iso2":  "ER",
        "dial":  "+291"
    },
    {
        "name":  "Eswatini",
        "iso2":  "SZ",
        "dial":  "+268"
    },
    {
        "name":  "Ethiopia",
        "iso2":  "ET",
        "dial":  "+251"
    },
    {
        "name":  "Gabon",
        "iso2":  "GA",
        "dial":  "+241"
    },
    {
        "name":  "Gambia",
        "iso2":  "GM",
        "dial":  "+220"
    },
    {
        "name":  "Ghana",
        "iso2":  "GH",
        "dial":  "+233"
    },
    {
        "name":  "Guinea",
        "iso2":  "GN",
        "dial":  "+224"
    },
    {
        "name":  "Guinea-Bissau",
        "iso2":  "GW",
        "dial":  "+245"
    },
    {
        "name":  "Kenya",
        "iso2":  "KE",
        "dial":  "+254"
    },
    {
        "name":  "Lesotho",
        "iso2":  "LS",
        "dial":  "+266"
    },
    {
        "name":  "Liberia",
        "iso2":  "LR",
        "dial":  "+231"
    },
    {
        "name":  "Libya",
        "iso2":  "LY",
        "dial":  "+218"
    },
    {
        "name":  "Madagascar",
        "iso2":  "MG",
        "dial":  "+261"
    },
    {
        "name":  "Malawi",
        "iso2":  "MW",
        "dial":  "+265"
    },
    {
        "name":  "Mali",
        "iso2":  "ML",
        "dial":  "+223"
    },
    {
        "name":  "Mauritania",
        "iso2":  "MR",
        "dial":  "+222"
    },
    {
        "name":  "Mauritius",
        "iso2":  "MU",
        "dial":  "+230"
    },
    {
        "name":  "Mayotte",
        "iso2":  "YT",
        "dial":  "+262"
    },
    {
        "name":  "Morocco",
        "iso2":  "MA",
        "dial":  "+212"
    },
    {
        "name":  "Mozambique",
        "iso2":  "MZ",
        "dial":  "+258"
    },
    {
        "name":  "Namibia",
        "iso2":  "NA",
        "dial":  "+264"
    },
    {
        "name":  "Niger",
        "iso2":  "NE",
        "dial":  "+227"
    },
    {
        "name":  "Nigeria",
        "iso2":  "NG",
        "dial":  "+234"
    },
    {
        "name":  "Réunion",
        "iso2":  "RE",
        "dial":  "+262"
    },
    {
        "name":  "Rwanda",
        "iso2":  "RW",
        "dial":  "+250"
    },
    {
        "name":  "Saint Helena, Ascension and Tristan da Cunha",
        "iso2":  "SH",
        "dial":  "+290"
    },
    {
        "name":  "Sao Tome and Principe",
        "iso2":  "ST",
        "dial":  "+239"
    },
    {
        "name":  "Senegal",
        "iso2":  "SN",
        "dial":  "+221"
    },
    {
        "name":  "Seychelles",
        "iso2":  "SC",
        "dial":  "+248"
    },
    {
        "name":  "Sierra Leone",
        "iso2":  "SL",
        "dial":  "+232"
    },
    {
        "name":  "Somalia",
        "iso2":  "SO",
        "dial":  "+252"
    },
    {
        "name":  "South Africa",
        "iso2":  "ZA",
        "dial":  "+27"
    },
    {
        "name":  "South Sudan",
        "iso2":  "SS",
        "dial":  "+211"
    },
    {
        "name":  "Sudan",
        "iso2":  "SD",
        "dial":  "+249"
    },
    {
        "name":  "Tanzania",
        "iso2":  "TZ",
        "dial":  "+255"
    },
    {
        "name":  "Togo",
        "iso2":  "TG",
        "dial":  "+228"
    },
    {
        "name":  "Tunisia",
        "iso2":  "TN",
        "dial":  "+216"
    },
    {
        "name":  "Uganda",
        "iso2":  "UG",
        "dial":  "+256"
    },
    {
        "name":  "Zambia",
        "iso2":  "ZM",
        "dial":  "+260"
    },
    {
        "name":  "Zimbabwe",
        "iso2":  "ZW",
        "dial":  "+263"
    },
    {
        "name":  "Cape Verde",
        "iso2":  "CV",
        "dial":  "+238"
    },
    {
        "name":  "Gibraltar",
        "iso2":  "GI",
        "dial":  "+350"
    }
]
